short_desc,desc
Updated via post -- iteration 1,desc updated -Iteration 1
Updated via post -- iteration 2,desc updated -Iteration 2
Updated via post -- iteration 3,desc updated -Iteration 3
Updated via post -- iteration 4,desc updated -Iteration 4
Updated via post -- iteration 5,desc updated -Iteration 5
Updated via post -- iteration 6,desc updated -Iteration 6
Updated via post -- iteration 7,desc updated -Iteration 7
Updated via post -- iteration 8,desc updated -Iteration 8
Updated via post -- iteration 9,desc updated -Iteration 9
Updated via post -- iteration 10,desc updated -Iteration 10
